date;old_sales;sales;price;queries;visits_cost;visits_count;banner_quant;banner_cost;banner_cost_new;context_quant;context_cost;context_cost_new;olv_quant;olv_cost;olv_cost_new;social_quant;social_cost;social_cost_new;tvr_park;tvr_theatre;tvr_wave;tv_cost;tvr_ambro;tvr_acc;tvr_brom;tvr_doc;tvr_kodel;tvr_lazol
31.12.2018; 102 530 ;95 353;143;645 354;1 508 543;2 193;0;0;0;9 221;44 533;32 650;0;0;0;0;0;0;0;0;0;0;205;397;253;121;249;331
07.01.2019; 133 632 ;124 278;143;615 454;1 508 543;2 193;0;0;0;9 221;44 533;32 650;0;0;0;0;0;0;281;0;0;12 490 514;270;433;202;204;248;319
14.01.2019; 135 094 ;125 637;143;573 170;2 724 790;3 960;0;0;0;9 221;44 533;32 650;773;224 607;164 674;1 183;91 153;66 831;222;0;0;9 835 858;228;235;136;206;270;284
21.01.2019; 160 531 ;149 294;143;661 720;2 646 358;3 846;0;0;0;9 221;44 533;32 650;773;224 607;164 674;1 183;91 153;66 831;198;0;0;8 800 458;277;335;75;168;340;305
28.01.2019; 192 127 ;178 678;143;764 809;2 456 814;3 571;0;0;0;9 221;44 533;32 650;442;128 347;94 100;676;52 088;38 189;242;0;0;10 754 487;0;207;0;353;57;212
04.02.2019; 196 949 ;183 163;143;800 891;2 472 500;3 594;0;0;0;0;0;0;0;0;0;0;0;0;254;0;0;11 266 415;308;208;235;1;0;245
11.02.2019; 160 480 ;149 246;143;727 207;2 552 686;3 710;0;0;0;0;0;0;0;0;0;0;0;0;0;0;0;0;213;483;141;195;333;218
18.02.2019; 168 197 ;156 423;143;651 425;2 475 424;3 598;0;0;0;11 022;153 794;112 757;3 838;453 183;332 259;0;0;0;347;0;0;15 392 476;186;317;131;204;220;201
25.02.2019; 172 999 ;160 889;143;634 553;2 435 554;3 540;0;0;0;25 325;387 537;284 130;6 102;669 887;491 139;215;11 573;8 485;256;0;0;11 388 070;230;348;139;185;180;219
04.03.2019; 140 831 ;130 973;143;559 235;1 990 350;2 893;0;0;0;10 607;138 288;101 388;6 058;728 016;533 757;973;57 633;42 255;178;0;0;7 890 709;0;477;0;219;219;250
11.03.2019; 149 566 ;139 096;143;564 431;2 674 634;3 888;0;0;0;8 572;98 382;72 131;4 130;519 408;380 812;1 340;81 553;59 792;161;0;0;7 147 014;241;447;150;177;186;233
18.03.2019; 137 010 ;127 419;143;528 737;2 435 451;3 540;0;0;0;11 718;166 563;122 118;4 560;561 250;411 490;1 350;82 144;60 225;143;0;0;6 345 600;221;239;138;0;0;202
25.03.2019; 130 133 ;121 024;143;497 233;2 589 873;3 764;0;0;0;17 619;224 687;164 733;4 725;544 118;398 929;1 259;76 232;55 891;174;0;0;7 730 426;199;296;128;185;0;216
01.04.2019; 112 431 ;104 561;149;461 082;2 392 967;3 478;0;0;0;4 592;44 396;32 550;0;0;0;0;0;0;0;0;0;0;0;0;145;203;0;0
08.04.2019; 103 546 ;96 298;150;442 845;2 445 427;3 554;0;0;0;4 115;39 715;29 118;0;0;0;0;0;0;0;0;0;0;0;0;0;194;0;0
15.04.2019; 112 431 ;104 561;150;461 082;2 416 497;3 512;0;0;0;4 177;40 632;29 790;0;0;0;0;0;0;0;0;0;0;0;0;0;208;0;0
22.04.2019; 103 110 ;95 892;150;431 011;2 453 786;3 567;0;0;0;4 999;57 605;42 234;0;0;0;0;0;0;0;0;0;0;0;0;0;0;0;0
29.04.2019; 95 489 ;88 805;150;462 560;864 369;1 256;0;0;0;3 448;35 315;25 892;0;0;0;0;0;0;0;0;0;0;0;0;0;0;0;0
06.05.2019; 74 486 ;69 272;150;365 846;482;1;0;0;0;3 706;37 355;27 387;0;0;0;0;0;0;0;0;0;0;0;0;0;0;0;0
13.05.2019; 75 702 ;70 403;150;338 445;2 074 251;3 015;0;0;0;3 376;37 481;27 479;0;0;0;0;0;0;0;0;0;0;0;0;0;0;0;0
20.05.2019; 76 259 ;70 921;153;332 266;2 300 741;3 344;0;0;0;4 885;36 731;26 930;0;0;0;0;0;0;0;0;0;0;0;0;0;0;0;0
27.05.2019; 76 145 ;70 815;126;325 132;2 533 766;3 683;0;0;0;4 675;26 755;19 616;0;0;0;0;0;0;0;0;0;0;0;0;0;0;0;0
03.06.2019; 76 300 ;70 959;150;315 004;2 426 782;3 527;0;0;0;4 670;29 722;21 791;0;0;0;0;0;0;0;0;0;0;0;0;0;0;0;0
10.06.2019; 67 833 ;63 085;150;300 623;1 900 050;2 762;0;0;0;4 587;29 034;21 287;0;0;0;0;0;0;0;0;0;0;0;0;0;0;0;0
17.06.2019; 63 204 ;58 780;150;274 226;2 327 779;3 383;0;0;0;4 869;28 314;20 759;0;0;0;0;0;0;0;0;0;0;0;0;0;0;0;0
24.06.2019; 59 973 ;55 775;150;268 611;2 051 478;2 982;0;0;0;4 850;29 413;21 565;0;0;0;0;0;0;0;0;0;0;0;0;0;0;0;0
01.07.2019; 56 634 ;52 670;150;259 860;1 579 442;2 296;0;0;0;6 591;71 251;52 239;0;0;0;0;0;0;0;0;0;0;0;0;0;0;0;0
08.07.2019; 59 632 ;55 458;150;253 713;1 226 291;1 782;0;0;0;7 133;83 028;60 874;0;0;0;0;0;0;0;0;0;0;0;0;0;0;0;0
15.07.2019; 56 175 ;52 243;150;251 700;1 025 946;1 491;0;0;0;3 225;25 954;19 029;0;0;0;0;0;0;0;0;0;0;0;0;0;0;0;0
22.07.2019; 56 505 ;52 550;150;256 468;987 693;1 436;0;0;0;2 171;11 431;8 381;0;0;0;0;0;0;0;0;0;0;0;0;0;0;0;0
29.07.2019; 58 828 ;54 710;150;262 945;1 409 506;2 049;0;0;0;4 533;33 881;24 840;0;0;0;0;0;0;0;0;0;0;0;0;0;0;0;0
05.08.2019; 64 765 ;60 231;150;278 027;1 845 354;2 682;0;0;0;7 203;60 952;44 688;0;0;0;0;0;0;0;0;0;0;0;0;0;0;0;0
12.08.2019; 71 634 ;66 620;150;296 249;2 326 059;3 381;0;0;0;10 185;131 574;96 465;0;0;0;0;0;0;0;0;0;0;0;0;0;0;0;0
19.08.2019; 71 680 ;66 662;150;312 039;42 037;61;0;0;0;10 063;130 332;95 555;0;0;0;0;0;0;0;0;0;0;0;0;0;0;0;0
26.08.2019; 77 861 ;72 411;150;337 067;2 239 646;3 255;0;0;0;9 792;134 206;98 395;0;0;0;0;0;0;0;0;0;0;0;0;0;174;0;0
02.09.2019; 83 017 ;77 206;150;378 324;2 924 275;4 250;0;0;0;12 038;191 952;140 733;578;128 300;94 065;0;0;0;0;0;0;0;0;304;0;158;0;190
09.09.2019; 126 281 ;117 441;153;513 397;3 111 686;4 523;0;0;0;12 719;191 799;140 621;578;128 300;94 065;0;0;0;0;0;0;0;0;289;0;128;0;198
16.09.2019; 154 788 ;143 953;155;633 235;2 704 115;3 930;0;0;0;13 840;191 712;140 557;1 314;319 100;233 954;0;0;0;0;0;0;0;0;243;0;174;0;207
23.09.2019; 157 165 ;146 163;153;664 985;2 818 323;4 096;0;0;0;14 157;189 332;138 812;5 569;875 406;641 819;0;0;0;0;0;0;0;0;188;206;419;0;179
30.09.2019; 131 052 ;121 878;155;655 379;2 984 544;4 338;0;0;0;15 535;239 800;175 814;2 555;473 219;346 949;6;215;158;0;0;0;0;0;0;154;289;158;0
07.10.2019; 206 962 ;192 475;155;657 245;3 113 613;4 526;0;0;0;20 276;257 922;189 100;2 265;525 628;385 373;1 575;65 333;47 900;0;276;0;12 256 165;0;368;124;188;360;230
14.10.2019; 193 076 ;179 561;155;623 725;3 189 843;4 636;0;0;0;23 690;249 494;182 921;2 541;616 177;451 761;2 159;65 333;47 900;0;260;0;11 539 678;0;312;61;275;270;228
21.10.2019; 181 442 ;168 741;155;615 887;3 254 240;4 730;0;0;0;23 196;238 395;174 783;3 377;794 113;582 218;5 708;246 977;181 075;0;229;0;10 188 683;0;238;132;179;219;210
28.10.2019; 169 186 ;157 343;154;595 664;2 876 115;4 180;0;0;0;20 041;241 621;177 149;4 291;1 014 594;743 867;6 702;340 818;249 876;0;250;0;11 082 221;0;318;130;158;211;205
04.11.2019; 159 529 ;148 362;155;594 124;2 494 413;3 626;0;0;0;17 743;195 881;143 614;2 758;718 748;526 962;1 961;99 504;72 953;0;230;0;10 206 601;0;254;127;174;0;196
11.11.2019; 136 511 ;126 955;155;583 452;3 212 410;4 669;196;44 976;32 975;17 637;232 967;170 803;3 011;723 066;530 128;3 069;147 607;108 220;0;0;0;0;0;230;138;0;281;194
18.11.2019; 174 016 ;161 835;155;620 707;3 347 808;4 866;787;181 026;132 722;20 692;266 856;195 650;3 480;794 539;582 530;3 493;163 989;120 231;0;247;0;10 966 053;0;0;108;0;227;512
25.11.2019; 197 512 ;183 686;155;666 088;3 193 421;4 642;1 238;284 831;208 829;13 568;121 823;89 317;3 024;710 967;521 258;3 553;169 149;124 015;0;285;0;12 653 629;0;214;126;0;225;537
02.12.2019; 227 724 ;211 783;155;690 828;3 511 002;5 103;964;202 352;148 358;20 498;186 139;136 471;3 717;550 324;403 479;4 112;210 133;154 063;0;278;0;12 357 977;0;153;130;0;239;451
09.12.2019; 228 112 ;212 144;155;699 714;3 334 048;4 846;1 362;286 118;209 772;20 026;189 912;139 237;5 054;881 543;646 318;5 007;295 489;216 643;0;268;0;11 882 112;0;144;161;0;0;445
16.12.2019; 202 585 ;188 404;154;711 650;3 471 373;5 046;0;0;0;18 461;187 664;137 589;5 654;997 779;731 539;6 067;394 972;289 580;0;0;0;0;0;159;0;0;0;508
23.12.2019; 182 771 ;169 977;155;683 685;2 761 357;4 014;0;0;0;19 078;190 950;139 999;4 823;854 785;626 700;4 500;302 920;222 091;0;0;0;0;0;291;0;0;0;544
30.12.2019; 137 151 ;127 550;155;698 555;24 402;24;0;0;0;20 676;156 763;114 933;2 228;302 696;221 927;1 848;53 422;39 167;0;0;0;0;0;291;147;296;217;291
06.01.2020; 131 363 ;122 168;155;690 820;1 912 900;1 850;0;0;0;17 104;157 141;123 120;1 564;315 275;247 019;1 656;54 843;42 970;0;0;0;0;0;314;138;298;236;611
13.01.2020; 127 688 ;118 750;155;603 065;5 189 853;5 019;0;0;0;10 680;113 309;88 778;4 022;626 807;491 105;3 560;118 444;92 801;0;0;0;0;281;406;234;312;224;545
20.01.2020; 154 077 ;143 292;158;697 609;4 816 786;4 658;0;0;0;11 586;114 302;89 556;5 801;816 058;639 383;5 162;201 221;157 657;0;0;0;0;231;400;217;451;181;546
27.01.2020; 193 247 ;179 720;158;779 156;4 826 712;4 668;0;0;0;13 036;119 805;93 867;7 398;965 988;756 853;5 555;235 361;184 406;0;0;0;0;260;0;122;0;0;723
03.02.2020; 246 927 ;229 642;158;820 218;5 008 696;4 844;1 966;117 943;92 409;14 706;137 842;108 000;3 808;523 917;410 490;4 883;229 829;180 071;0;360;0;17 577 202;268;323;0;196;432;641
10.02.2020; 245 308 ;228 136;158;796 528;5 003 319;4 839;1 966;117 943;92 409;15 446;136 765;107 155;3 063;472 105;369 895;5 254;251 461;197 020;0;340;0;16 573 506;237;286;61;218;302;592
17.02.2020; 226 455 ;210 603;158;750 850;4 878 826;4 718;1 966;117 943;92 409;15 343;136 996;107 337;2 833;441 005;345 529;5 320;247 889;194 222;0;312;0;15 206 303;218;209;44;212;252;550
24.02.2020; 222 117 ;206 569;158;757 262;3 873 364;3 746;1 685;101 094;79 207;15 525;134 678;105 521;2 879;459 513;360 030;5 495;251 048;196 697;0;341;0;16 631 782;0;277;42;199;257;586
02.03.2020; 210 366 ;195 640;158;665 577;4 690 638;4 536;2 580;154 823;121 304;13 712;136 453;106 911;5 331;1 283 961;1 005 987;5 232;249 141;195 203;0;0;0;0;0;243;36;0;9;534
09.03.2020; 248 657 ;231 251;158;738 217;3 864 678;3 738;2 580;154 823;121 304;14 871;137 828;107 988;5 354;1 290 832;1 011 370;5 409;238 977;187 239;0;318;0;15 528 796;304;282;31;186;394;551
16.03.2020; 271 246 ;252 259;158;808 893;5 018 622;4 854;2 580;154 823;121 304;14 603;137 896;108 042;5 579;1 322 128;1 035 891;6 449;281 767;220 765;0;336;0;16 418 770;286;231;0;246;363;625
23.03.2020; 236 918 ;220 334;158;776 794;4 318 398;4 176;2 580;154 823;121 304;14 364;138 068;108 177;6 314;1 378 908;1 080 377;7 433;334 660;262 207;0;396;0;19 319 796;334;294;0;299;333;674
30.03.2020; 181 489 ;168 785;158;752 686;0;0;2 134;66 353;51 987;12 320;137 260;107 543;2 892;665 182;521 171;3 814;186 717;146 293;0;0;0;0;0;0;0;0;0;0
06.04.2020; 115 908 ;107 794;158;575 535;17 785;17;1 440;141 715;111 034;11 103;145 257;113 809;1 775;456 007;357 282;0;0;0;0;0;0;0;418;0;0;0;0;0
13.04.2020; 99 414 ;92 455;158;528 056;94 301;91;1 440;141 715;111 034;10 523;146 254;114 590;2 096;486 574;381 232;7 497;286 074;224 140;0;0;0;0;310;0;0;0;0;0
20.04.2020; 93 799 ;87 233;158;522 820;50 873;49;1 440;141 715;111 034;10 580;151 560;118 747;4 583;730 767;572 558;9 855;412 005;322 807;0;0;0;0;262;0;0;0;0;0
27.04.2020; 74 857 ;69 617;158;447 225;20 266;20;823;80 980;63 448;10 423;150 928;118 252;4 490;589 443;461 830;5 596;246 359;193 023;0;0;0;0;93;0;0;0;0;0
04.05.2020; 58 347 ;54 263;158;399 348;0;0;0;0;0;9 227;146 784;115 005;0;0;0;0;0;0;0;0;0;0;0;0;0;0;0;0
11.05.2020; 55 463 ;51 581;158;384 649;52 941;51;0;0;0;5 305;92 313;72 328;0;0;0;0;0;0;0;0;0;0;0;0;0;0;0;0
18.05.2020; 53 345 ;49 611;158;360 163;31 434;30;0;0;0;9 055;133 469;104 573;0;0;0;0;0;0;0;0;0;0;0;0;0;0;0;0
25.05.2020; 48 519 ;45 123;158;317 442;5 377;5;0;0;0;9 497;127 955;100 253;0;0;0;0;0;0;0;0;0;0;0;0;0;0;0;0
01.06.2020; 54 862 ;51 022;158;291 990;15 924;15;0;0;0;7 540;93 808;73 499;0;0;0;0;0;0;0;0;0;0;0;0;0;0;0;0
08.06.2020; 44 110 ;41 022;158;244 878;12 925;13;0;0;0;8 390;103 099;80 779;0;0;0;0;0;0;0;0;0;0;0;0;0;0;0;0
15.06.2020; 45 443 ;42 262;158;242 120;15 717;15;0;0;0;10 569;123 041;96 403;0;0;0;0;0;0;0;0;0;0;0;0;0;0;0;0
22.06.2020; 42 837 ;39 838;158;235 989;3 102;3;0;0;0;11 054;127 734;100 080;0;0;0;0;0;0;0;0;0;0;0;0;0;0;0;0
29.06.2020; 41 157 ;38 276;158;223 235;11 374;11;0;0;0;5 849;66 378;52 007;0;0;0;0;0;0;0;0;0;0;0;0;0;0;0;0
06.07.2020; 40 741 ;37 889;158;211 099;12 201;12;0;0;0;2 612;21 269;16 664;0;0;0;0;0;0;0;0;0;0;0;0;0;0;0;0
13.07.2020; 49 119 ;45 681;158;236 771;0;0;0;0;0;5 223;38 047;29 810;0;0;0;0;0;0;0;0;0;0;0;0;0;0;0;0
20.07.2020; 63 802 ;59 336;158;283 705;1 551;2;0;0;0;7 499;46 500;36 433;0;0;0;0;0;0;0;0;0;0;0;0;0;0;0;0
27.07.2020; 76 722 ;71 351;158;346 688;11 891;12;0;0;0;6 249;47 190;36 973;0;0;0;0;0;0;0;0;0;0;0;0;0;0;0;0
03.08.2020; 83 217 ;77 392;158;382 443;3 654 570;3 534;0;0;0;12 385;155 330;121 701;0;0;0;0;0;0;0;0;0;0;0;0;0;0;0;0
10.08.2020; 91 508 ;85 102;158;404 237;3 791 988;3 667;0;0;0;15 764;193 502;151 609;0;0;0;0;0;0;0;0;0;0;0;0;0;0;0;0
17.08.2020; 96 865 ;90 084;158;420 675;2 192 287;2 120;0;0;0;15 777;190 044;148 900;0;0;0;0;0;0;0;0;0;0;0;0;0;68;0;0
24.08.2020; 98 174 ;91 302;158;443 976;2 227 650;2 154;0;0;0;10 070;130 205;102 016;0;0;0;0;0;0;0;0;0;0;0;0;0;220;0;0
31.08.2020; 103 378 ;96 142;158;456 370;3 913 690;3 785;0;0;0;542;8 863;6 944;0;0;0;0;0;0;0;0;0;0;0;210;0;185;0;251
07.09.2020; 158 744 ;147 632;158;592 400;4 475 979;4 329;0;0;0;7 692;175 220;137 285;0;0;0;6 822;358 805;281 125;0;0;0;0;0;264;0;210;0;288
14.09.2020; 190 831 ;177 473;161;684 800;4 382 919;4 239;0;0;0;13 613;267 060;209 242;0;0;0;8 220;439 183;344 101;0;0;0;0;0;262;0;199;0;300
21.09.2020; 182 563 ;169 784;161;686 373;4 232 782;4 094;0;0;0;8 109;180 699;141 578;0;0;0;8 234;427 654;335 068;0;0;0;0;0;260;87;190;0;292
28.09.2020; 247 005 ;229 715;161;707 492;4 130 623;3 995;92;20 033;15 696;11 029;133 839;104 863;76;18 595;14 569;6 048;269 609;211 239;0;0;378;18 438 925;0;273;111;0;0;115
05.10.2020; 269 204 ;250 360;161;744 033;4 238 573;4 099;117;25 358;19 868;12 463;84 501;66 207;1 954;238 903;187 181;3 436;126 594;99 187;0;0;385;18 794 745;0;0;128;177;0;186
12.10.2020; 283 860 ;263 990;161;793 546;4 114 493;3 979;1 821;284 555;222 950;54 488;327 772;256 810;3 789;641 101;502 304;9 962;425 659;333 505;0;0;332;16 202 204;0;255;129;199;0;202
19.10.2020; 273 108 ;253 990;161;817 078;4 249 326;4 110;2 266;346 664;271 612;95 415;609 539;477 575;5 076;971 085;760 848;10 352;427 945;335 296;0;0;281;13 709 563;0;255;127;206;0;209
26.10.2020; 269 933 ;251 038;161;856 740;4 193 490;4 056;1 414;195 569;153 228;27 733;209 157;163 875;5 338;800 889;627 499;5 461;303 514;237 804;0;0;267;13 036 097;0;336;187;194;0;209
02.11.2020; 209 844 ;195 155;161;843 642;3 141 706;3 038;1 149;137 617;107 823;59 848;281 564;220 606;5 508;763 650;598 322;7 911;349 768;274 044;0;0;0;0;0;299;117;119;0;181
09.11.2020; 223 532 ;207 885;161;800 054;4 170 329;4 033;894;115 257;90 304;44 652;238 057;186 518;4 944;698 581;547 339;7 817;352 243;275 983;0;0;297;14 508 178;0;0;92;0;194;174
16.11.2020; 222 873 ;207 272;161;780 561;4 045 422;3 912;1 251;169 951;133 157;52 560;288 095;225 723;8 529;1 126 337;882 487;7 976;423 327;331 678;0;0;301;14 681 461;0;463;145;0;219;176
23.11.2020; 226 206 ;210 372;161;799 421;4 221 202;4 082;1 319;175 169;137 245;64 814;370 534;290 314;6 120;928 402;727 405;6 868;346 088;271 161;0;0;258;12 599 564;0;506;122;0;154;183
30.11.2020; 239 729 ;222 948;161;812 794;4 090 918;3 956;2 575;272 068;213 166;34 007;207 144;162 297;4 472;1 014 752;795 060;8 231;300 364;235 336;0;0;287;14 026 781;0;491;73;0;191;191
07.12.2020; 217 381 ;202 164;161;806 068;4 353 967;4 211;3 103;331 496;259 728;34 605;216 344;169 506;4 106;1 066 143;835 325;8 222;286 790;224 701;0;0;0;0;0;375;42;0;0;324
14.12.2020; 207 127 ;192 628;161;818 494;4 593 028;4 442;2 754;290 093;227 289;34 679;220 642;172 873;4 876;1 294 343;1 014 121;12 447;429 778;336 732;0;0;0;0;0;0;154;0;0;328
21.12.2020; 190 730 ;177 379;161;773 974;4 634 802;4 482;2 384;273 644;214 401;40 906;285 575;223 749;4 672;1 068 887;837 475;10 554;381 067;298 567;0;0;0;0;0;0;0;0;0;338
28.12.2020; 152 218 ;141 563;161;639 634;1 900 078;1 838;2 194;185 659;145 464;28 427;192 755;151 024;3 019;699 795;548 291;6 587;234 850;184 006;0;0;0;0;0;176;0;183;0;167
04.01.2021; 146 962 ;136 675;161;698 430;0;0;2 684;129 817;98 101;15 498;111 042;83 912;866;127 757;96 544;1 749;90 249;68 200;0;0;0;0;0;317;0;204;189;214
11.01.2021; 156 120 ;145 192;161;575 957;2 877 619;4 042;2 066;66 820;50 495;21 302;188 655;142 564;1 420;202 348;152 911;3 532;183 179;138 425;0;0;325;11 828 864;0;225;0;198;222;227
18.01.2021; 150 972 ;140 404;161;521 787;3 207 987;4 506;4 021;312 085;235 837;22 066;184 686;139 564;2 244;317 839;240 185;4 675;245 566;185 570;0;0;285;10 355 356;0;245;0;192;200;231
25.01.2021; 165 339 ;153 765;161;551 693;3 308 806;4 647;5 317;392 492;296 599;36 224;222 441;168 095;9 028;1 216 676;919 422;6 080;322 801;243 935;0;0;267;9 711 104;0;0;126;0;0;223
01.02.2021; 188 704 ;175 495;169;594 657;3 223 936;4 528;5 271;339 135;256 279;24 981;191 209;144 494;4 996;696 929;526 657;3 036;156 870;118 544;0;0;380;13 841 557;0;381;156;187;0;238
08.02.2021; 198 045 ;184 182;169;636 443;3 162 704;4 442;4 817;414 047;312 889;23 165;185 287;140 018;4 377;569 645;430 471;3 201;165 984;125 431;0;0;314;11 432 901;0;385;145;185;281;217
15.02.2021; 200 578 ;186 538;169;658 057;3 136 502;4 405;4 509;363 894;274 988;22 017;185 946;140 517;3 824;622 008;470 041;4 661;371 323;280 602;0;0;268;9 746 912;0;189;101;178;197;222
22.02.2021; 188 104 ;174 937;169;676 928;1 866 010;2 621;5 078;388 506;293 588;14 831;152 233;115 040;6 655;1 144 371;864 782;6 257;557 533;421 318;0;0;206;7 505 746;0;165;103;0;202;210
01.03.2021; 162 151 ;150 800;169;598 724;2 875 626;4 039;4 591;329 762;249 196;15 471;141 007;106 557;5 416;792 286;598 718;5 067;486 204;367 416;0;0;327;11 908 710;0;0;116;153;0;204
08.03.2021; 170 065 ;158 160;169;636 625;2 399 440;3 370;4 540;233 007;176 080;18 152;160 980;121 650;6 013;862 332;651 650;4 062;316 161;238 917;0;0;274;9 981 634;0;269;108;156;217;232
15.03.2021; 172 356 ;160 291;169;678 437;3 172 957;4 456;4 224;198 357;149 895;18 672;163 693;123 700;4 046;531 701;401 798;3 286;171 672;129 729;0;0;246;8 953 624;0;204;56;207;185;211
22.03.2021; 164 238 ;152 741;169;659 850;3 168 970;4 451;4 486;279 867;211 491;24 832;198 469;149 980;4 990;587 781;444 176;3 515;185 279;140 013;0;0;263;9 556 604;0;213;67;0;235;204
29.03.2021; 142 492 ;132 518;169;624 919;2 989 546;4 199;1 941;130 861;98 889;41 443;393 080;297 044;2 733;318 316;240 546;2 182;112 931;85 340;0;0;111;4 053 992;0;100;0;0;0;0
05.04.2021; 129 174 ;120 132;169;614 511;3 013 754;4 233;485;32 322;24 425;35 382;323 952;244 805;1 227;130 092;98 308;779;36 843;27 842;0;0;0;0;0;0;0;0;0;0
12.04.2021; 125 511 ;116 725;169;600 737;3 002 362;4 217;1 085;69 278;52 352;16 803;156 787;118 482;3 164;355 612;268 730;2 940;136 560;103 196;0;0;0;0;0;0;0;0;0;0
19.04.2021; 137 217 ;127 612;169;637 252;2 908 093;4 084;1 799;114 484;86 513;12 854;138 657;104 781;3 909;475 875;359 611;8 015;359 974;272 027;0;0;0;0;0;0;0;0;0;0
26.04.2021; 132 559 ;123 280;169;610 742;2 787 622;3 915;2 043;108 625;82 086;19 762;136 318;103 013;3 410;344 747;260 520;3 647;126 586;95 659;0;0;0;0;0;0;0;0;0;0
03.05.2021; 121 491 ;112 987;169;653 744;0;0;427;32 431;24 507;9 821;94 254;71 226;1 289;181 691;137 301;778;22 393;16 922;0;0;0;0;0;0;0;0;0;0
10.05.2021; 95 492 ;88 808;169;547 768;1 403 993;1 972;2 161;123 089;93 016;9 372;90 873;68 671;2 427;278 479;210 442;1 122;35 726;26 998;0;0;0;0;0;0;0;0;0;0
17.05.2021; 95 781 ;89 076;169;518 701;1 861 097;2 614;295;19 443;14 693;13 892;139 824;105 662;0;0;0;791;18 407;13 910;0;0;0;0;0;0;0;0;0;0
24.05.2021; 104 628 ;97 304;169;525 229;1 849 776;2 598;451;48 941;36 984;23 635;255 149;192 812;0;0;0;3 768;73 096;55 238;0;0;0;0;0;0;0;0;0;0
31.05.2021; 117 399 ;109 181;169;568 997;1 802 179;2 531;209;27 199;20 554;10 594;178 122;134 604;0;0;0;1 503;33 129;25 035;0;0;0;0;0;0;0;0;0;0
07.06.2021; 122 051 ;113 507;169;612 402;1 818 092;2 554;189;25 860;19 542;11 804;174 853;132 134;0;0;0;759;21 180;16 005;0;0;0;0;0;0;0;0;0;0
14.06.2021; 114 361 ;106 356;169;596 532;1 052 087;1 478;189;25 847;19 532;15 166;118 137;89 274;0;0;0;668;19 339;14 614;0;0;0;0;0;0;0;0;0;0
21.06.2021; 109 986 ;102 287;169;559 885;1 481 743;2 081;210;31 527;23 825;28 711;215 781;163 062;0;0;0;1 359;35 511;26 835;0;0;0;0;0;0;0;0;0;0
28.06.2021; 114 083 ;106 097;169;556 685;1 370 137;1 924;206;49 986;37 774;14 790;122 922;92 890;0;0;0;2 196;123 517;93 340;0;0;0;0;0;0;0;0;0;0
05.07.2021; 112 460 ;104 588;169;517 697;813 211;1 142;390;110 895;83 801;28 365;192 609;145 552;0;0;0;4 561;72 296;54 633;0;0;0;0;0;0;0;0;0;0
12.07.2021; 105 829 ;98 421;169;497 680;602 922;847;312;91 235;68 945;31 380;245 362;185 416;0;0;0;4 161;84 899;64 157;0;0;0;0;0;0;0;0;0;0
19.07.2021; 106 454 ;99 002;169;504 144;444 858;625;212;66 282;50 088;32 693;250 492;189 292;0;0;0;5 545;355 881;268 934;0;0;0;0;0;0;0;0;0;0
26.07.2021; 107 096 ;99 599;169;506 523;609 650;856;1 276;179 683;135 783;37 895;332 049;250 924;0;0;0;2 740;278 307;210 312;0;0;0;0;0;0;0;0;0;0
02.08.2021; 111 218 ;103 433;169;500 801;1 454 616;2 043;397;99 177;74 946;33 301;288 533;218 040;0;0;0;2 006;176 837;133 633;0;0;0;0;0;0;0;0;0;0
09.08.2021; 113 865 ;105 894;169;519 472;1 908 516;2 681;315;78 675;59 453;31 701;273 255;206 494;0;0;0;3 736;273 255;206 494;0;0;0;0;0;0;0;0;0;0
16.08.2021; 115 158 ;107 097;169;524 794;1 887 298;2 651;216;54 052;40 846;32 192;271 440;205 123;0;0;0;1 923;178 830;135 139;0;0;0;0;0;0;0;0;0;0
23.08.2021; 117 077 ;108 882;169;556 547;1 169 282;1 642;162;40 592;30 675;29 847;298 923;225 891;0;0;0;1 745;199 498;150 757;0;0;0;0;0;0;0;168;0;0
30.08.2021; 136 022 ;126 500;169;583 572;2 395 204;3 364;6 391;286 783;216 717;28 169;315 616;238 506;1 657;202 522;153 042;998;136 964;103 502;0;165;0;5 998 256;0;0;0;191;0;0
06.09.2021; 207 339 ;192 825;169;741 703;3 378 903;4 746;10 341;323 729;244 637;27 060;315 527;238 438;3 180;420 120;317 478;780;126 521;95 610;0;249;0;9 072 819;0;212;0;185;0;102
13.09.2021; 310 727 ;288 976;169;1 042 300;3 427 354;4 814;6 697;306 466;231 592;24 319;285 263;215 569;3 063;409 282;309 287;1 154;195 454;147 701;0;296;0;10 757 542;0;191;95;189;0;192
20.09.2021; 328 101 ;305 134;169;1 144 978;3 383 851;4 753;6 835;294 225;222 341;31 715;348 285;263 193;2 889;376 358;284 407;883;169 113;127 796;0;328;0;11 922 054;0;189;106;209;0;180
27.09.2021; 325 077 ;302 322;169;1 143 527;3 393 143;4 766;7 527;324 406;245 148;30 212;331 064;250 179;3 147;456 410;344 901;1 273;207 097;156 500;0;311;0;11 322 854;0;289;75;0;0;233
04.10.2021; 337 920 ;314 266;169;1 178 424;3 277 265;4 603;3 599;214 631;162 193;25 531;269 198;203 428;3 126;384 909;290 869;2 377;401 956;303 751;0;294;0;10 685 698;0;240;83;203;0;147
11.10.2021; 338 349 ;314 665;174;1 218 848;3 357 578;4 716;3 744;256 004;193 458;26 203;277 665;209 827;3 276;396 242;299 433;2 749;403 531;304 942;0;301;0;10 940 343;0;0;73;188;0;194
18.10.2021; 325 262 ;302 494;174;1 200 452;3 383 851;4 753;3 927;241 997;182 873;32 676;326 238;246 533;3 113;349 278;263 944;2 800;384 249;290 370;0;255;0;9 297 161;0;285;74;193;0;180
25.10.2021; 302 595 ;281 413;174;1 169 877;3 273 812;4 598;7 765;439 436;332 075;32 730;330 314;249 613;3 397;414 541;313 262;3 171;432 486;326 822;0;223;0;8 119 891;0;240;83;128;0;268
01.11.2021; 245 745 ;228 543;174;1 065 705;1 918 342;2 694;3 841;291 452;220 245;30 462;314 639;237 768;3 774;464 117;350 725;3 242;451 138;340 918;0;270;0;9 808 950;0;277;89;0;0;0
08.11.2021; 192 095 ;178 648;174;824 600;3 321 302;4 665;4 257;312 576;236 208;34 302;361 351;273 067;3 608;445 579;336 717;3 121;457 338;345 602;0;255;0;9 296 202;99;210;86;0;0;248
15.11.2021; 189 945 ;176 649;174;788 590;3 473 706;4 879;3 890;284 040;214 644;34 535;373 833;282 500;3 663;443 980;335 509;3 043;462 960;349 851;0;222;0;8 067 491;82;212;68;0;0;197
22.11.2021; 240 919 ;224 055;174;910 875;3 521 623;4 946;3 584;270 324;204 279;35 418;385 812;291 552;3 494;452 122;341 661;2 809;432 872;327 114;0;198;0;7 211 877;86;183;86;0;0;187
29.11.2021; 301 290 ;280 200;174;1 067 187;3 423 225;4 808;9 219;459 564;347 285;22 224;254 996;192 696;2 930;373 607;282 329;2 304;345 152;260 826;0;271;0;9 851 759;100;0;148;0;0;154
06.12.2021; 314 583 ;292 562;174;1 121 080;3 652 133;5 129;2 631;176 029;133 022;19 768;203 862;154 055;2 409;308 480;233 113;1 753;253 517;191 578;0;230;0;8 367 101;84;189;131;0;0;159
13.12.2021; 312 686 ;290 798;174;1 148 708;3 588 694;5 040;2 343;188 543;142 479;21 722;222 322;168 005;2 074;281 946;213 062;2 422;266 531;201 413;0;161;0;5 852 672;83;180;52;0;0;146
20.12.2021; 273 767 ;254 603;174;1 098 059;3 509 092;4 929;2 127;161 533;122 068;23 767;222 336;168 016;1 913;269 220;203 445;3 442;324 416;245 156;0;0;0;0;0;273;0;0;0;271
27.12.2021; 231 066 ;214 891;174;940 082;1 799 758;2 528;4 314;207 249;156 615;16 259;148 991;112 590;1 134;158 966;120 128;2 188;208 149;157 295;0;0;0;0;0;0;0;0;0;0
03.01.2022; 200 698 ;186 649;174;1 047 388;0;0;2 967;133 651;101 389;19 688;168 181;127 584;3 660;440 161;333 913;1 425;164 890;125 088;0;0;0;0;0;253;167;225;0;319
10.01.2022; 205 192 ;190 829;174;881 370;3 670 809;5 132;2 976;121 957;92 518;17 783;156 592;118 793;4 365;514 683;390 447;1 177;135 453;102 757;0;307;0;10 561 222;0;148;159;192;0;355
17.01.2022; 280 635 ;260 991;183;1 021 559;3 545 845;4 957;2 715;121 617;92 260;19 254;164 006;124 417;3 991;472 451;358 409;1 041;135 620;102 883;0;292;0;10 046 732;0;239;147;171;0;359
24.01.2022; 464 969 ;432 421;183;1 457 296;3 347 240;4 679;3 611;168 410;127 758;17 401;146 531;111 161;3 623;446 745;338 908;970;137 029;103 952;0;287;0;9 887 583;0;217;160;179;0;402
31.01.2022; 583 273 ;542 444;183;1 725 810;2 943 736;4 115;6 594;394 528;299 295;15 326;133 282;101 110;4 100;456 558;346 352;1 455;201 189;152 625;0;403;0;19 000 881;0;220;182;199;0;446
07.02.2022; 506 092 ;470 666;183;1 537 879;2 956 254;4 133;6 608;439 607;333 493;25 999;209 375;158 835;6 469;753 027;571 258;1 346;175 063;132 806;0;304;0;14 343 378;0;0;102;0;0;0
14.02.2022; 361 802 ;336 476;183;1 170 487;3 293 593;4 604;8 778;497 168;377 160;43 854;441 302;334 779;5 328;680 714;516 400;1 639;208 158;157 912;0;228;0;10 746 667;0;219;114;172;0;239
21.02.2022; 239 099 ;222 362;183;848 193;2 471 241;3 455;9 242;514 891;390 605;7 445;57 070;43 294;5 017;625 660;474 635;2 031;221 688;168 176;0;199;0;9 379 526;0;163;98;148;0;207
28.02.2022; 196 549 ;182 791;183;642 621;2 898 815;4 053;7 178;623 279;472 829;8 450;88 478;67 121;3 553;671 514;509 421;1 443;127 644;96 833;0;256;0;10 461 422;0;206;151;169;0;204
07.03.2022; 175 784 ;163 479;183;583 139;1 605 684;2 245;7 326;647 609;491 287;14 166;158 176;119 995;2 843;683 807;518 747;1 247;110 867;84 105;0;316;0;12 902 261;0;37;184;189;0;243
14.03.2022; 166 838 ;155 159;183;571 457;2 901 533;4 056;9 379;671 192;509 177;4 203;62 097;47 108;3 699;786 629;596 749;1 731;157 480;119 467;0;275;0;11 217 103;0;0;274;60;0;238
21.03.2022; 169 903 ;158 010;183;582 512;2 994 237;4 186;11 931;841 764;638 575;5 823;62 343;47 295;3 387;776 184;588 825;1 270;124 625;94 542;0;329;0;13 423 727;0;0;216;0;0;0
28.03.2022; 165 151 ;153 590;183;584 107;2 880 253;4 027;9 059;507 492;384 991;3 563;39 940;30 299;3 688;643 081;487 852;944;80 983;61 435;0;277;0;10 662 047;0;0;0;0;0;0
